{"train_acc": 0.7833333015441895, "train_loss": 0.6072670221328735, "epoch": 2, "trainer/global_step": 1126, "_timestamp": 1689839637.059699, "_runtime": 69.63272500038147, "_step": 24, "val_acc": 0.8547811508178711, "val_loss": 0.5236281156539917, "train_avg_acc": 0.8106781840324402, "train_avg_loss": 0.735153317451477, "val_avg_acc": 0.8547810912132263, "val_avg_loss": 0.5236281156539917, "test_acc": 0.8615294694900513, "test_loss": 0.5119858980178833, "_wandb": {"runtime": 68}}