{"train_acc": 0.9166666865348816, "train_loss": 0.4606548547744751, "epoch": 2, "trainer/global_step": 1126, "_timestamp": 1690179363.91369, "_runtime": 69.27089309692383, "_step": 24, "val_acc": 0.8314356207847595, "val_loss": 0.5866789221763611, "train_avg_acc": 0.7902247309684753, "train_avg_loss": 0.7918532490730286, "val_avg_acc": 0.8314356207847595, "val_avg_loss": 0.5866790413856506, "test_acc": 0.8426786065101624, "test_loss": 0.5751632452011108, "_wandb": {"runtime": 68}}