{"train_acc": 0.9500000476837158, "train_loss": 0.17645370960235596, "epoch": 2, "trainer/global_step": 2250, "_timestamp": 1690527337.466253, "_runtime": 119.75595712661743, "_step": 47, "val_acc": 0.8820328116416931, "val_loss": 0.2921780049800873, "train_avg_acc": 0.864505410194397, "train_avg_loss": 0.35112816095352173, "val_avg_acc": 0.8820334672927856, "val_avg_loss": 0.29217806458473206, "test_acc": 0.8935516476631165, "test_loss": 0.2863323986530304, "_wandb": {"runtime": 118}}