{"train_acc": 0.6333333253860474, "train_loss": 1.2212719917297363, "epoch": 0, "trainer/global_step": 499, "_timestamp": 1690179483.525552, "_runtime": 20.965240001678467, "_step": 9, "_wandb": {"runtime": 16}}