{"train_acc": 0.9032143354415894, "train_loss": 0.5685087442398071, "epoch": 2, "trainer/global_step": 1126, "_timestamp": 1690225751.808088, "_runtime": 64.51434111595154, "_step": 24, "val_acc": 0.8258593082427979, "val_loss": 0.6168953776359558, "train_avg_acc": 0.7755216956138611, "train_avg_loss": 0.8336348533630371, "val_avg_acc": 0.8258590698242188, "val_avg_loss": 0.6168952584266663, "test_acc": 0.8346701264381409, "test_loss": 0.61165452003479, "_wandb": {"runtime": 63}}