{"train_acc": 0.574999988079071, "train_loss": 0.36709660291671753, "epoch": 1, "trainer/global_step": 4499, "_timestamp": 1690222558.707444, "_runtime": 186.17342591285706, "_step": 90, "val_acc": 0.7099130153656006, "val_loss": 0.4585729241371155, "train_avg_acc": 0.5798450708389282, "train_avg_loss": 1.0928568840026855, "val_avg_acc": 0.7090350389480591, "val_avg_loss": 0.4610113501548767}