{"train_acc": 0.8689285516738892, "train_loss": 0.5182466506958008, "epoch": 2, "trainer/global_step": 1126, "_timestamp": 1690185204.913553, "_runtime": 65.8223819732666, "_step": 24, "val_acc": 0.8428763151168823, "val_loss": 0.5715289115905762, "train_avg_acc": 0.8066635131835938, "train_avg_loss": 0.7592305541038513, "val_avg_acc": 0.8428763151168823, "val_avg_loss": 0.5715285539627075, "test_acc": 0.8588903546333313, "test_loss": 0.5462056994438171, "_wandb": {"runtime": 65}}