{"train_acc": 0.8500000238418579, "train_loss": 0.21274906396865845, "epoch": 1, "trainer/global_step": 3849, "_timestamp": 1690187232.770048, "_runtime": 167.38199400901794, "_step": 77, "val_acc": 0.712425708770752, "val_loss": 0.42889127135276794, "train_avg_acc": 0.5843020677566528, "train_avg_loss": 1.0582016706466675, "val_avg_acc": 0.711609423160553, "val_avg_loss": 0.43138861656188965, "_wandb": {"runtime": 161}}