{"train_acc": 0.6000000238418579, "train_loss": 0.21563653647899628, "epoch": 1, "trainer/global_step": 3099, "_timestamp": 1690187208.022635, "_runtime": 142.63458108901978, "_step": 62, "val_acc": 0.712425708770752, "val_loss": 0.42889127135276794, "train_avg_acc": 0.5843020677566528, "train_avg_loss": 1.0582016706466675, "val_avg_acc": 0.711609423160553, "val_avg_loss": 0.43138861656188965}