{"train_acc": 0.9133332967758179, "train_loss": 0.575417160987854, "epoch": 2, "trainer/global_step": 1126, "_timestamp": 1690178938.5349162, "_runtime": 67.22270727157593, "_step": 24, "val_acc": 0.8348907232284546, "val_loss": 0.5930667519569397, "train_avg_acc": 0.7991828322410583, "train_avg_loss": 0.7964668273925781, "val_avg_acc": 0.834890604019165, "val_avg_loss": 0.5930666327476501, "test_acc": 0.8460513949394226, "test_loss": 0.5730425119400024, "_wandb": {"runtime": 66}}