{"train_acc": 0.9108225107192993, "train_loss": 0.48803088068962097, "epoch": 2, "trainer/global_step": 1126, "_timestamp": 1690179190.186762, "_runtime": 70.26284503936768, "_step": 24, "val_acc": 0.8500873446464539, "val_loss": 0.5355793237686157, "train_avg_acc": 0.8141735792160034, "train_avg_loss": 0.7118245363235474, "val_avg_acc": 0.8500872850418091, "val_avg_loss": 0.5355794429779053, "test_acc": 0.859224796295166, "test_loss": 0.5238133072853088, "_wandb": {"runtime": 69}}