{"train_acc": 0.8758333921432495, "train_loss": 0.47121697664260864, "epoch": 2, "trainer/global_step": 1126, "_timestamp": 1690179445.210367, "_runtime": 71.79608988761902, "_step": 24, "val_acc": 0.8632917404174805, "val_loss": 0.48172876238822937, "train_avg_acc": 0.8343169689178467, "train_avg_loss": 0.6396661400794983, "val_avg_acc": 0.8632915019989014, "val_avg_loss": 0.48172876238822937, "test_acc": 0.8700308799743652, "test_loss": 0.4661840796470642, "_wandb": {"runtime": 70}}