{"train_acc": 0.9046717286109924, "train_loss": 0.42386579513549805, "epoch": 2, "trainer/global_step": 1126, "_timestamp": 1690225881.842718, "_runtime": 67.32073378562927, "_step": 24, "val_acc": 0.87961345911026, "val_loss": 0.41391533613204956, "train_avg_acc": 0.8578657507896423, "train_avg_loss": 0.50956130027771, "val_avg_acc": 0.87961345911026, "val_avg_loss": 0.4139152467250824, "test_acc": 0.8874698281288147, "test_loss": 0.3981209993362427, "_wandb": {"runtime": 66}}