{"train_acc": 0.7684626579284668, "train_loss": 0.7856853008270264, "epoch": 1, "trainer/global_step": 399, "_timestamp": 1690250413.527767, "_runtime": 25.06377100944519, "_step": 8, "val_acc": 0.7404536008834839, "val_loss": 1.1756144762039185, "train_avg_acc": 0.5305768251419067, "train_avg_loss": 1.8839995861053467, "val_avg_acc": 0.7334344983100891, "val_avg_loss": 1.1874326467514038}