{"train_acc": 0.8583333492279053, "train_loss": 0.6527529954910278, "epoch": 2, "trainer/global_step": 2250, "_timestamp": 1690224226.878069, "_runtime": 120.98703098297119, "_step": 47, "val_acc": 0.8507218956947327, "val_loss": 0.4129115343093872, "train_avg_acc": 0.8279763460159302, "train_avg_loss": 0.5035075545310974, "val_avg_acc": 0.8507218956947327, "val_avg_loss": 0.4129117727279663, "test_acc": 0.8621879816055298, "test_loss": 0.40691453218460083, "_wandb": {"runtime": 120}}