{"train_acc": 0.8799999952316284, "train_loss": 0.3439815938472748, "epoch": 2, "trainer/global_step": 2250, "_timestamp": 1690225105.244826, "_runtime": 120.40542006492615, "_step": 47, "val_acc": 0.8849897980690002, "val_loss": 0.2794417142868042, "train_avg_acc": 0.8682251572608948, "train_avg_loss": 0.3369702100753784, "val_avg_acc": 0.8849891424179077, "val_avg_loss": 0.27944186329841614, "test_acc": 0.898918628692627, "test_loss": 0.26751813292503357, "_wandb": {"runtime": 119}}