{"train_acc": 0.9092063903808594, "train_loss": 0.5225914120674133, "epoch": 2, "trainer/global_step": 1126, "_timestamp": 1690224898.789641, "_runtime": 68.80568981170654, "_step": 24, "val_acc": 0.8778108954429626, "val_loss": 0.4270632266998291, "train_avg_acc": 0.8485644459724426, "train_avg_loss": 0.5610926747322083, "val_avg_acc": 0.8778110146522522, "val_avg_loss": 0.42706310749053955, "test_acc": 0.8849302530288696, "test_loss": 0.42085230350494385, "_wandb": {"runtime": 67}}