{"train_acc": 0.7422510981559753, "train_loss": 0.7835890650749207, "epoch": 2, "trainer/global_step": 1126, "_timestamp": 1690185128.0863318, "_runtime": 67.59512281417847, "_step": 24, "val_acc": 0.8335244059562683, "val_loss": 0.5635809302330017, "train_avg_acc": 0.796781063079834, "train_avg_loss": 0.7297637462615967, "val_avg_acc": 0.8335246443748474, "val_avg_loss": 0.5635811686515808, "test_acc": 0.8428699970245361, "test_loss": 0.549519419670105, "_wandb": {"runtime": 66}}