{"train_acc": 0.9583333730697632, "train_loss": 0.30603155493736267, "epoch": 2, "trainer/global_step": 1126, "_timestamp": 1690178859.5626, "_runtime": 67.38941788673401, "_step": 24, "val_acc": 0.8520822525024414, "val_loss": 0.5119293332099915, "train_avg_acc": 0.8162871599197388, "train_avg_loss": 0.6879904866218567, "val_avg_acc": 0.852082371711731, "val_avg_loss": 0.5119296908378601, "test_acc": 0.8632932901382446, "test_loss": 0.4991624057292938, "_wandb": {"runtime": 66}}