{"train_acc": 0.7933694124221802, "train_loss": 0.5524678230285645, "epoch": 2, "trainer/global_step": 1126, "_timestamp": 1689840550.6009731, "_runtime": 69.68730115890503, "_step": 24, "val_acc": 0.854371190071106, "val_loss": 0.5189236402511597, "train_avg_acc": 0.8225694894790649, "train_avg_loss": 0.662100613117218, "val_avg_acc": 0.8543710112571716, "val_avg_loss": 0.5189237594604492, "test_acc": 0.8615629076957703, "test_loss": 0.4967328608036041, "_wandb": {"runtime": 68}}