{"train_acc": 0.7958333492279053, "train_loss": 0.6955752372741699, "epoch": 2, "trainer/global_step": 1126, "_timestamp": 1690166965.646889, "_runtime": 68.08397006988525, "_step": 24, "val_acc": 0.835689127445221, "val_loss": 0.5823066234588623, "train_avg_acc": 0.7909680604934692, "train_avg_loss": 0.7772392630577087, "val_avg_acc": 0.8356890082359314, "val_avg_loss": 0.5823066234588623, "test_acc": 0.8428515791893005, "test_loss": 0.5705301761627197, "_wandb": {"runtime": 67}}