{"train_acc": 0.8891667127609253, "train_loss": 0.3933486342430115, "epoch": 2, "trainer/global_step": 2250, "_timestamp": 1690224361.812873, "_runtime": 124.33382797241211, "_step": 47, "val_acc": 0.8357115983963013, "val_loss": 0.44448888301849365, "train_avg_acc": 0.8202090263366699, "train_avg_loss": 0.5301891565322876, "val_avg_acc": 0.8357113599777222, "val_avg_loss": 0.44448861479759216, "test_acc": 0.8587567210197449, "test_loss": 0.42352545261383057, "_wandb": {"runtime": 123}}