{"train_acc": 0.8385714292526245, "train_loss": 0.5555683970451355, "epoch": 2, "trainer/global_step": 1126, "_timestamp": 1690178534.9998589, "_runtime": 69.10615491867065, "_step": 24, "val_acc": 0.8589985966682434, "val_loss": 0.5242164731025696, "train_avg_acc": 0.8196799159049988, "train_avg_loss": 0.7136642336845398, "val_avg_acc": 0.858998715877533, "val_avg_loss": 0.5242166519165039, "test_acc": 0.8639267683029175, "test_loss": 0.5122182369232178, "_wandb": {"runtime": 67}}