{"train_acc": 0.8596638441085815, "train_loss": 0.6081725358963013, "epoch": 2, "trainer/global_step": 564, "_timestamp": 1690224977.753293, "_runtime": 45.04512405395508, "_step": 13, "val_acc": 0.8349301218986511, "val_loss": 0.5963376760482788, "train_avg_acc": 0.7840491533279419, "train_avg_loss": 0.8469151258468628, "val_avg_acc": 0.8351685404777527, "val_avg_loss": 0.5958154201507568, "test_acc": 0.8433985114097595, "test_loss": 0.5851263403892517, "_wandb": {"runtime": 43}}