{"train_acc": 0.8173376321792603, "train_loss": 0.5185612440109253, "epoch": 2, "trainer/global_step": 1126, "_timestamp": 1690178780.5382788, "_runtime": 67.39318180084229, "_step": 24, "val_acc": 0.8513075113296509, "val_loss": 0.5467070937156677, "train_avg_acc": 0.8162757754325867, "train_avg_loss": 0.7529540061950684, "val_avg_acc": 0.8513074517250061, "val_avg_loss": 0.5467072129249573, "test_acc": 0.8612576127052307, "test_loss": 0.528297483921051, "_wandb": {"runtime": 66}}