{"train_acc": 0.753333330154419, "train_loss": 0.5368456840515137, "epoch": 2, "trainer/global_step": 2250, "_timestamp": 1690224818.816513, "_runtime": 125.73784804344177, "_step": 47, "val_acc": 0.8845322132110596, "val_loss": 0.2818647623062134, "train_avg_acc": 0.8705523610115051, "train_avg_loss": 0.3273150622844696, "val_avg_acc": 0.8845321536064148, "val_avg_loss": 0.28186464309692383, "test_acc": 0.9012814164161682, "test_loss": 0.2591104805469513, "_wandb": {"runtime": 125}}