{"train_acc": 1.0, "train_loss": 0.09678879380226135, "epoch": 2, "trainer/global_step": 2250, "_timestamp": 1690250154.3284469, "_runtime": 113.1879677772522, "_step": 47, "val_acc": 0.8744207620620728, "val_loss": 0.30940017104148865, "train_avg_acc": 0.8543215990066528, "train_avg_loss": 0.37448760867118835, "val_avg_acc": 0.8744203448295593, "val_avg_loss": 0.30940011143684387, "test_acc": 0.8859919905662537, "test_loss": 0.30295029282569885, "_wandb": {"runtime": 112}}