{"train_acc": 0.6464285850524902, "train_loss": 1.1968963146209717, "epoch": 0, "trainer/global_step": 599, "_timestamp": 1690185300.4289799, "_runtime": 23.834970951080322, "_step": 11, "_wandb": {"runtime": 19}}