{"train_acc": 0.8360173106193542, "train_loss": 0.5771539211273193, "epoch": 2, "trainer/global_step": 1126, "_timestamp": 1689840144.678922, "_runtime": 67.92888402938843, "_step": 24, "val_acc": 0.8454552292823792, "val_loss": 0.5353865623474121, "train_avg_acc": 0.8133465051651001, "train_avg_loss": 0.6766706109046936, "val_avg_acc": 0.8454554080963135, "val_avg_loss": 0.5353868007659912, "test_acc": 0.8527227640151978, "test_loss": 0.5185390114784241, "_wandb": {"runtime": 66}}