{"train_acc": 0.5, "train_loss": 1.336173176765442, "epoch": 0, "trainer/global_step": 649, "_timestamp": 1690222827.54423, "_runtime": 27.63072109222412, "_step": 12}