{"train_acc": 0.8936507701873779, "train_loss": 0.286847859621048, "epoch": 2, "trainer/global_step": 1126, "_timestamp": 1690226095.386184, "_runtime": 69.65576887130737, "_step": 24, "val_acc": 0.8728280663490295, "val_loss": 0.4208337068557739, "train_avg_acc": 0.8507593870162964, "train_avg_loss": 0.5272986888885498, "val_avg_acc": 0.8728283047676086, "val_avg_loss": 0.4208338260650635, "test_acc": 0.883654773235321, "test_loss": 0.408611536026001, "_wandb": {"runtime": 66}}