{"train_acc": 0.7250000238418579, "train_loss": 0.5018019080162048, "epoch": 2, "trainer/global_step": 2250, "_timestamp": 1690225237.8277178, "_runtime": 121.42112469673157, "_step": 47, "val_acc": 0.8756027221679688, "val_loss": 0.3213855028152466, "train_avg_acc": 0.8576086759567261, "train_avg_loss": 0.3820061981678009, "val_avg_acc": 0.8756028413772583, "val_avg_loss": 0.32138556241989136, "test_acc": 0.8896101713180542, "test_loss": 0.30956748127937317, "_wandb": {"runtime": 120}}