{"train_acc": 0.6000000238418579, "train_loss": 0.4279658794403076, "epoch": 0, "trainer/global_step": 2049, "_timestamp": 1690185393.494925, "_runtime": 77.57589912414551, "_step": 40}