{"train_acc": 0.6966667175292969, "train_loss": 1.064276099205017, "epoch": 0, "trainer/global_step": 599, "_timestamp": 1690527915.382284, "_runtime": 26.734916925430298, "_step": 11}