{"train_acc": 0.675000011920929, "train_loss": 0.19604533910751343, "epoch": 2, "trainer/global_step": 4500, "_timestamp": 1690187052.1332061, "_runtime": 239.89583015441895, "_step": 92, "val_acc": 0.7354295253753662, "val_loss": 0.3412119746208191, "train_avg_acc": 0.7194859981536865, "train_avg_loss": 0.3857814073562622, "val_avg_acc": 0.7354289293289185, "val_avg_loss": 0.34121206402778625, "test_acc": 0.761655330657959, "test_loss": 0.3253365159034729, "_wandb": {"runtime": 239}}