{"train_acc": 0.7273809909820557, "train_loss": 0.21973617374897003, "epoch": 2, "trainer/global_step": 2250, "_timestamp": 1690226359.045351, "_runtime": 122.46708512306213, "_step": 47, "val_acc": 0.876660168170929, "val_loss": 0.30927184224128723, "train_avg_acc": 0.8611350059509277, "train_avg_loss": 0.3682018220424652, "val_avg_acc": 0.8766598105430603, "val_avg_loss": 0.3092718720436096, "test_acc": 0.8921326398849487, "test_loss": 0.29678675532341003, "_wandb": {"runtime": 121}}