{"train_acc": 0.6000000238418579, "train_loss": 0.45360657572746277, "epoch": 2, "trainer/global_step": 4500, "_timestamp": 1690166736.9458141, "_runtime": 249.34123015403748, "_step": 92, "val_acc": 0.7443569302558899, "val_loss": 0.28805071115493774, "train_avg_acc": 0.7308595776557922, "train_avg_loss": 0.3562997579574585, "val_avg_acc": 0.744357168674469, "val_avg_loss": 0.2880505323410034, "test_acc": 0.7736563682556152, "test_loss": 0.2802312672138214, "_wandb": {"runtime": 184}}