{"train_acc": 0.6599999666213989, "train_loss": 0.38107967376708984, "epoch": 1, "trainer/global_step": 1749, "_timestamp": 1690250291.288073, "_runtime": 71.9917221069336, "_step": 35, "val_acc": 0.7943135499954224, "val_loss": 0.6790987253189087, "train_avg_acc": 0.5645735859870911, "train_avg_loss": 1.4816805124282837, "val_avg_acc": 0.7924672365188599, "val_avg_loss": 0.6833945512771606}