{"train_acc": 0.8446019291877747, "train_loss": 0.6186095476150513, "epoch": 2, "trainer/global_step": 564, "_timestamp": 1690225802.674541, "_runtime": 41.09652400016785, "_step": 13, "val_acc": 0.8457683324813843, "val_loss": 0.591303288936615, "train_avg_acc": 0.8065658807754517, "train_avg_loss": 0.8501730561256409, "val_avg_acc": 0.8458466529846191, "val_avg_loss": 0.5912288427352905, "test_acc": 0.8581605553627014, "test_loss": 0.5696020722389221, "_wandb": {"runtime": 40}}