{"train_acc": 0.8250000476837158, "train_loss": 0.526939868927002, "epoch": 2, "trainer/global_step": 1126, "_timestamp": 1690179024.876812, "_runtime": 66.4510509967804, "_step": 24, "val_acc": 0.8541263937950134, "val_loss": 0.5110234022140503, "train_avg_acc": 0.8244773149490356, "train_avg_loss": 0.6750133633613586, "val_avg_acc": 0.8541261553764343, "val_avg_loss": 0.5110232830047607, "test_acc": 0.8660128116607666, "test_loss": 0.4932789206504822, "_wandb": {"runtime": 65}}