{"train_acc": 0.8529762029647827, "train_loss": 0.5242059826850891, "epoch": 2, "trainer/global_step": 1126, "_timestamp": 1689838191.2785048, "_runtime": 65.74214196205139, "_step": 24, "val_acc": 0.8344142436981201, "val_loss": 0.5673344731330872, "train_avg_acc": 0.7979713678359985, "train_avg_loss": 0.780569851398468, "val_avg_acc": 0.8344140648841858, "val_avg_loss": 0.5673342347145081, "test_acc": 0.8446161150932312, "test_loss": 0.5565032362937927, "_wandb": {"runtime": 64}}