{"train_acc": 0.8886363506317139, "train_loss": 0.5265581607818604, "epoch": 2, "trainer/global_step": 1126, "_timestamp": 1690178695.9553652, "_runtime": 66.14852619171143, "_step": 24, "val_acc": 0.8549756407737732, "val_loss": 0.5255788564682007, "train_avg_acc": 0.8162840604782104, "train_avg_loss": 0.7049041390419006, "val_avg_acc": 0.8549757599830627, "val_avg_loss": 0.5255787372589111, "test_acc": 0.8621625900268555, "test_loss": 0.5132577419281006, "_wandb": {"runtime": 65}}