{"train_acc": 0.7770756483078003, "train_loss": 1.0156855583190918, "epoch": 2, "trainer/global_step": 564, "_timestamp": 1690250201.419582, "_runtime": 35.02643895149231, "_step": 13, "val_acc": 0.7630637288093567, "val_loss": 1.0247528553009033, "train_avg_acc": 0.6497504711151123, "train_avg_loss": 1.4651741981506348, "val_avg_acc": 0.7630182504653931, "val_avg_loss": 1.0249401330947876, "test_acc": 0.772616982460022, "test_loss": 1.017322063446045, "_wandb": {"runtime": 34}}