{"train_acc": 0.7797619104385376, "train_loss": 0.5626819133758545, "epoch": 2, "trainer/global_step": 2250, "_timestamp": 1690226227.466893, "_runtime": 122.61045384407043, "_step": 47, "val_acc": 0.8792454600334167, "val_loss": 0.30788692831993103, "train_avg_acc": 0.8641360402107239, "train_avg_loss": 0.36086905002593994, "val_avg_acc": 0.8792455792427063, "val_avg_loss": 0.3078870475292206, "test_acc": 0.8900808691978455, "test_loss": 0.2993270456790924, "_wandb": {"runtime": 122}}