{"train_acc": 0.8324311971664429, "train_loss": 0.60183185338974, "epoch": 2, "trainer/global_step": 564, "_timestamp": 1690527396.724101, "_runtime": 42.25652503967285, "_step": 13, "val_acc": 0.864614725112915, "val_loss": 0.5205105543136597, "train_avg_acc": 0.8306336402893066, "train_avg_loss": 0.7403560876846313, "val_avg_acc": 0.8647617101669312, "val_avg_loss": 0.5203976035118103, "test_acc": 0.8728756904602051, "test_loss": 0.5077326893806458, "_wandb": {"runtime": 40}}