{"train_acc": 0.8014881014823914, "train_loss": 0.824843168258667, "epoch": 2, "trainer/global_step": 564, "_timestamp": 1690226015.1163578, "_runtime": 37.73947787284851, "_step": 13, "val_acc": 0.7953696250915527, "val_loss": 0.8142145872116089, "train_avg_acc": 0.7240923643112183, "train_avg_loss": 1.1819669008255005, "val_avg_acc": 0.7952650189399719, "val_avg_loss": 0.8141201734542847, "test_acc": 0.8034403920173645, "test_loss": 0.8014231324195862, "_wandb": {"runtime": 37}}