{"train_acc": 0.8414682745933533, "train_loss": 0.5953819751739502, "epoch": 2, "trainer/global_step": 1126, "_timestamp": 1690178621.5137331, "_runtime": 67.11169004440308, "_step": 24, "val_acc": 0.8578298091888428, "val_loss": 0.5118602514266968, "train_avg_acc": 0.824689507484436, "train_avg_loss": 0.6899874806404114, "val_avg_acc": 0.8578295707702637, "val_avg_loss": 0.511860191822052, "test_acc": 0.8715474605560303, "test_loss": 0.4936145544052124, "_wandb": {"runtime": 66}}