{"train_acc": 0.8510317802429199, "train_loss": 0.5307740569114685, "epoch": 2, "trainer/global_step": 1126, "_timestamp": 1690179101.729674, "_runtime": 66.30351114273071, "_step": 24, "val_acc": 0.8497257232666016, "val_loss": 0.532946765422821, "train_avg_acc": 0.8227353692054749, "train_avg_loss": 0.6959335207939148, "val_avg_acc": 0.8497265577316284, "val_avg_loss": 0.5329468250274658, "test_acc": 0.8590846657752991, "test_loss": 0.5090959668159485, "_wandb": {"runtime": 65}}