{"train_acc": 0.8333333730697632, "train_loss": 0.5079518556594849, "epoch": 2, "trainer/global_step": 2250, "_timestamp": 1690185699.909599, "_runtime": 123.14834904670715, "_step": 47, "val_acc": 0.854747474193573, "val_loss": 0.39307868480682373, "train_avg_acc": 0.8266767859458923, "train_avg_loss": 0.49947506189346313, "val_avg_acc": 0.8547467589378357, "val_avg_loss": 0.3930788040161133, "test_acc": 0.8650067448616028, "test_loss": 0.39264553785324097, "_wandb": {"runtime": 122}}