{"train_acc": 0.8250000476837158, "train_loss": 0.8121742010116577, "epoch": 0, "trainer/global_step": 1099, "_timestamp": 1690250350.510775, "_runtime": 37.66438102722168, "_step": 21}