{"train_acc": 0.8576587438583374, "train_loss": 0.4671456813812256, "epoch": 2, "trainer/global_step": 1126, "_timestamp": 1690225677.494622, "_runtime": 68.92940497398376, "_step": 24, "val_acc": 0.8740907311439514, "val_loss": 0.4190548360347748, "train_avg_acc": 0.8549597859382629, "train_avg_loss": 0.5226460099220276, "val_avg_acc": 0.8740906715393066, "val_avg_loss": 0.41905477643013, "test_acc": 0.8773381114006042, "test_loss": 0.40895506739616394, "_wandb": {"runtime": 67}}