{"train_acc": 0.9083333611488342, "train_loss": 0.34516215324401855, "epoch": 2, "trainer/global_step": 2250, "_timestamp": 1690225595.2063391, "_runtime": 125.2971670627594, "_step": 47, "val_acc": 0.8810440301895142, "val_loss": 0.3072885274887085, "train_avg_acc": 0.8656036257743835, "train_avg_loss": 0.3654348850250244, "val_avg_acc": 0.8810434341430664, "val_avg_loss": 0.30728864669799805, "test_acc": 0.8911524415016174, "test_loss": 0.2950831651687622, "_wandb": {"runtime": 124}}