{"train_acc": 0.7512698173522949, "train_loss": 0.7039368748664856, "epoch": 2, "trainer/global_step": 1126, "_timestamp": 1690166478.845639, "_runtime": 66.35620093345642, "_step": 24, "val_acc": 0.8336217403411865, "val_loss": 0.5773466229438782, "train_avg_acc": 0.7886821031570435, "train_avg_loss": 0.761266827583313, "val_avg_acc": 0.8336217999458313, "val_avg_loss": 0.5773464441299438, "test_acc": 0.8417349457740784, "test_loss": 0.5679157376289368, "_wandb": {"runtime": 65}}