{"train_acc": 0.9191558361053467, "train_loss": 0.40301066637039185, "epoch": 2, "trainer/global_step": 1126, "_timestamp": 1689842382.598429, "_runtime": 73.11237692832947, "_step": 24, "val_acc": 0.8658914566040039, "val_loss": 0.48448705673217773, "train_avg_acc": 0.8381680250167847, "train_avg_loss": 0.6691545844078064, "val_avg_acc": 0.8658912777900696, "val_avg_loss": 0.48448696732521057, "test_acc": 0.8736181855201721, "test_loss": 0.47064027190208435, "_wandb": {"runtime": 72}}