{"train_acc": 0.8926587104797363, "train_loss": 0.4307771921157837, "epoch": 2, "trainer/global_step": 1126, "_timestamp": 1690225957.934932, "_runtime": 64.98463702201843, "_step": 24, "val_acc": 0.8619319796562195, "val_loss": 0.49427586793899536, "train_avg_acc": 0.8303363919258118, "train_avg_loss": 0.6742002964019775, "val_avg_acc": 0.861932098865509, "val_avg_loss": 0.49427562952041626, "test_acc": 0.8684760928153992, "test_loss": 0.4793446660041809, "_wandb": {"runtime": 64}}