{"train_acc": 0.9134920835494995, "train_loss": 0.4290677309036255, "epoch": 2, "trainer/global_step": 1126, "_timestamp": 1689839222.234473, "_runtime": 606.9556500911713, "_step": 49, "val_acc": 0.8462405800819397, "val_loss": 0.5507436990737915, "train_avg_acc": 0.8044067621231079, "train_avg_loss": 0.7377457022666931, "val_avg_acc": 0.8462405800819397, "val_avg_loss": 0.550743818283081, "test_acc": 0.8545417785644531, "test_loss": 0.5350713133811951, "_wandb": {"runtime": 136}}