{"train_acc": 0.8833333253860474, "train_loss": 0.1963660567998886, "epoch": 2, "trainer/global_step": 2250, "_timestamp": 1690166887.712079, "_runtime": 127.21665596961975, "_step": 47, "val_acc": 0.8527223467826843, "val_loss": 0.3954371213912964, "train_avg_acc": 0.8328607678413391, "train_avg_loss": 0.4805837869644165, "val_avg_acc": 0.8527220487594604, "val_avg_loss": 0.39543721079826355, "test_acc": 0.8700319528579712, "test_loss": 0.38205233216285706, "_wandb": {"runtime": 126}}