{"train_acc": 0.818369448184967, "train_loss": 0.4707961678504944, "epoch": 2, "trainer/global_step": 1126, "_timestamp": 1689837840.248663, "_runtime": 67.4711799621582, "_step": 24, "val_acc": 0.8486684560775757, "val_loss": 0.5316404104232788, "train_avg_acc": 0.8162490725517273, "train_avg_loss": 0.7064088582992554, "val_avg_acc": 0.8486685156822205, "val_avg_loss": 0.531640350818634, "test_acc": 0.8564691543579102, "test_loss": 0.5163427591323853, "_wandb": {"runtime": 66}}