{"train_acc": 0.8199892044067383, "train_loss": 0.5346315503120422, "epoch": 2, "trainer/global_step": 1126, "_timestamp": 1690178376.324808, "_runtime": 68.87858390808105, "_step": 24, "val_acc": 0.8652123808860779, "val_loss": 0.4681953489780426, "train_avg_acc": 0.831784725189209, "train_avg_loss": 0.6458550691604614, "val_avg_acc": 0.8652122020721436, "val_avg_loss": 0.46819546818733215, "test_acc": 0.8730849623680115, "test_loss": 0.46062344312667847, "_wandb": {"runtime": 68}}