{"train_acc": 0.8229762315750122, "train_loss": 0.6073533296585083, "epoch": 2, "trainer/global_step": 1126, "_timestamp": 1689842908.788756, "_runtime": 67.93594288825989, "_step": 24, "val_acc": 0.8423129916191101, "val_loss": 0.5598987340927124, "train_avg_acc": 0.802128255367279, "train_avg_loss": 0.7666041254997253, "val_avg_acc": 0.8423130512237549, "val_avg_loss": 0.5598987340927124, "test_acc": 0.8537720441818237, "test_loss": 0.546029269695282, "_wandb": {"runtime": 66}}