{"train_acc": 0.6924999952316284, "train_loss": 0.7773406505584717, "epoch": 2, "trainer/global_step": 1126, "_timestamp": 1690178454.916204, "_runtime": 67.99112105369568, "_step": 24, "val_acc": 0.8335472941398621, "val_loss": 0.6027448773384094, "train_avg_acc": 0.7840099334716797, "train_avg_loss": 0.8309364318847656, "val_avg_acc": 0.8335475325584412, "val_avg_loss": 0.6027450561523438, "test_acc": 0.8432611227035522, "test_loss": 0.5875975489616394, "_wandb": {"runtime": 67}}