{"train_acc": 0.8866161704063416, "train_loss": 0.5941222906112671, "epoch": 2, "trainer/global_step": 1126, "_timestamp": 1689841564.170638, "_runtime": 68.17939019203186, "_step": 24, "val_acc": 0.8243062496185303, "val_loss": 0.6088184714317322, "train_avg_acc": 0.7893125414848328, "train_avg_loss": 0.8276451826095581, "val_avg_acc": 0.824306309223175, "val_avg_loss": 0.6088181138038635, "test_acc": 0.839244544506073, "test_loss": 0.5866866707801819, "_wandb": {"runtime": 67}}