{"train_acc": 0.8849207162857056, "train_loss": 0.43084025382995605, "epoch": 2, "trainer/global_step": 1126, "_timestamp": 1690225458.241389, "_runtime": 68.05209112167358, "_step": 24, "val_acc": 0.879830002784729, "val_loss": 0.4022064208984375, "train_avg_acc": 0.859190821647644, "train_avg_loss": 0.49850308895111084, "val_avg_acc": 0.8798300623893738, "val_avg_loss": 0.40220633149147034, "test_acc": 0.8906583786010742, "test_loss": 0.39117884635925293, "_wandb": {"runtime": 67}}