{"train_acc": 0.6499999761581421, "train_loss": 0.5514001250267029, "epoch": 2, "trainer/global_step": 4500, "_timestamp": 1690178214.976455, "_runtime": 243.33788990974426, "_step": 92, "val_acc": 0.7347107529640198, "val_loss": 0.33571916818618774, "train_avg_acc": 0.7200053334236145, "train_avg_loss": 0.39120611548423767, "val_avg_acc": 0.7347102761268616, "val_avg_loss": 0.33571916818618774, "test_acc": 0.7659100294113159, "test_loss": 0.3159254491329193, "_wandb": {"runtime": 242}}