{"train_acc": 0.7895238399505615, "train_loss": 0.5689606666564941, "epoch": 1, "trainer/global_step": 1125, "_timestamp": 1690527187.8592231, "_runtime": 62.415229082107544, "_step": 23, "val_acc": 0.8333243727684021, "val_loss": 0.6077297329902649, "train_avg_acc": 0.78815758228302, "train_avg_loss": 0.8380454778671265, "val_avg_acc": 0.8333243727684021, "val_avg_loss": 0.6077296733856201}