{"train_acc": 0.8839285969734192, "train_loss": 0.500015377998352, "epoch": 2, "trainer/global_step": 1126, "_timestamp": 1689838284.075807, "_runtime": 66.3335599899292, "_step": 24, "val_acc": 0.8472779989242554, "val_loss": 0.5285260081291199, "train_avg_acc": 0.806702196598053, "train_avg_loss": 0.7173910140991211, "val_avg_acc": 0.8472777605056763, "val_avg_loss": 0.5285258889198303, "test_acc": 0.85648512840271, "test_loss": 0.5159866809844971, "_wandb": {"runtime": 64}}