{"train_acc": 0.8600000143051147, "train_loss": 0.2916220724582672, "epoch": 2, "trainer/global_step": 2250, "_timestamp": 1690185830.062336, "_runtime": 119.99138307571411, "_step": 47, "val_acc": 0.8584797978401184, "val_loss": 0.36171603202819824, "train_avg_acc": 0.8460273742675781, "train_avg_loss": 0.4295535683631897, "val_avg_acc": 0.8584799766540527, "val_avg_loss": 0.36171597242355347, "test_acc": 0.8785107135772705, "test_loss": 0.34412384033203125, "_wandb": {"runtime": 119}}