{"train_acc": 0.9125397205352783, "train_loss": 0.5526508092880249, "epoch": 2, "trainer/global_step": 1126, "_timestamp": 1690178297.010825, "_runtime": 69.45795893669128, "_step": 24, "val_acc": 0.8442834615707397, "val_loss": 0.564534604549408, "train_avg_acc": 0.8001128435134888, "train_avg_loss": 0.76378333568573, "val_avg_acc": 0.8442835211753845, "val_avg_loss": 0.5645343661308289, "test_acc": 0.8587824106216431, "test_loss": 0.5444066524505615, "_wandb": {"runtime": 68}}