{"train_acc": 0.8161904811859131, "train_loss": 0.5469785928726196, "epoch": 2, "trainer/global_step": 1126, "_timestamp": 1690526971.5212538, "_runtime": 76.41273188591003, "_step": 24, "val_acc": 0.8937172889709473, "val_loss": 0.3677545189857483, "train_avg_acc": 0.8736456632614136, "train_avg_loss": 0.45798352360725403, "val_avg_acc": 0.8937174677848816, "val_avg_loss": 0.3677544593811035, "test_acc": 0.9022032022476196, "test_loss": 0.3517988622188568, "_wandb": {"runtime": 74}}