{"train_acc": 0.8348809480667114, "train_loss": 0.5126884579658508, "epoch": 2, "trainer/global_step": 1126, "_timestamp": 1690179282.050027, "_runtime": 71.64894890785217, "_step": 24, "val_acc": 0.8580682873725891, "val_loss": 0.5346429944038391, "train_avg_acc": 0.806704044342041, "train_avg_loss": 0.721870481967926, "val_avg_acc": 0.8580679297447205, "val_avg_loss": 0.5346426963806152, "test_acc": 0.8603223562240601, "test_loss": 0.526688277721405, "_wandb": {"runtime": 69}}