{"train_acc": 0.871666669845581, "train_loss": 0.3572431206703186, "epoch": 2, "trainer/global_step": 2250, "_timestamp": 1690225373.1881769, "_runtime": 125.03162693977356, "_step": 47, "val_acc": 0.8818612694740295, "val_loss": 0.31922051310539246, "train_avg_acc": 0.8586676716804504, "train_avg_loss": 0.3800655007362366, "val_avg_acc": 0.88186115026474, "val_avg_loss": 0.31922051310539246, "test_acc": 0.8890283107757568, "test_loss": 0.3067370355129242, "_wandb": {"runtime": 123}}